email,name,role,province,district,station
"admin@police.lk","HQ Administrator","hq_admin","","",""
"wp.admin@police.lk","Western Province Admin","provincial_admin","Western Province","",""
"cp.admin@police.lk","Central Province Admin","provincial_admin","Central Province","",""
"sp.admin@police.lk","Southern Province Admin","provincial_admin","Southern Province","",""
"np.admin@police.lk","Northern Province Admin","provincial_admin","Northern Province","",""
"ep.admin@police.lk","Eastern Province Admin","provincial_admin","Eastern Province","",""
"nwp.admin@police.lk","North Western Province Admin","provincial_admin","North Western Province","",""
"ncp.admin@police.lk","North Central Province Admin","provincial_admin","North Central Province","",""
"up.admin@police.lk","Uva Province Admin","provincial_admin","Uva Province","",""
"sgp.admin@police.lk","Sabaragamuwa Province Admin","provincial_admin","Sabaragamuwa Province","",""
"colombo.officer@police.lk","Colombo District Officer","station_officer","Western Province","Colombo",""
"gampaha.officer@police.lk","Gampaha District Officer","station_officer","Western Province","Gampaha",""
"kalutara.officer@police.lk","Kalutara District Officer","station_officer","Western Province","Kalutara",""
"kandy.officer@police.lk","Kandy District Officer","station_officer","Central Province","Kandy",""
"matale.officer@police.lk","Matale District Officer","station_officer","Central Province","Matale",""
"nuwara-eliya.officer@police.lk","Nuwara Eliya District Officer","station_officer","Central Province","Nuwara Eliya",""
"galle.officer@police.lk","Galle District Officer","station_officer","Southern Province","Galle",""
"matara.officer@police.lk","Matara District Officer","station_officer","Southern Province","Matara",""
"hambantota.officer@police.lk","Hambantota District Officer","station_officer","Southern Province","Hambantota",""
"jaffna.officer@police.lk","Jaffna District Officer","station_officer","Northern Province","Jaffna",""
"kilinochchi.officer@police.lk","Kilinochchi District Officer","station_officer","Northern Province","Kilinochchi",""
"mannar.officer@police.lk","Mannar District Officer","station_officer","Northern Province","Mannar",""
"vavuniya.officer@police.lk","Vavuniya District Officer","station_officer","Northern Province","Vavuniya",""
"mullaitivu.officer@police.lk","Mullaitivu District Officer","station_officer","Northern Province","Mullaitivu",""
"trincomalee.officer@police.lk","Trincomalee District Officer","station_officer","Eastern Province","Trincomalee",""
"batticaloa.officer@police.lk","Batticaloa District Officer","station_officer","Eastern Province","Batticaloa",""
"ampara.officer@police.lk","Ampara District Officer","station_officer","Eastern Province","Ampara",""
"kurunegala.officer@police.lk","Kurunegala District Officer","station_officer","North Western Province","Kurunegala",""
"puttalam.officer@police.lk","Puttalam District Officer","station_officer","North Western Province","Puttalam",""
"anuradhapura.officer@police.lk","Anuradhapura District Officer","station_officer","North Central Province","Anuradhapura",""
"polonnaruwa.officer@police.lk","Polonnaruwa District Officer","station_officer","North Central Province","Polonnaruwa",""
"badulla.officer@police.lk","Badulla District Officer","station_officer","Uva Province","Badulla",""
"monaragala.officer@police.lk","Monaragala District Officer","station_officer","Uva Province","Monaragala",""
"ratnapura.officer@police.lk","Ratnapura District Officer","station_officer","Sabaragamuwa Province","Ratnapura",""
"kegalle.officer@police.lk","Kegalle District Officer","station_officer","Sabaragamuwa Province","Kegalle",""
"colombo-fort.station@police.lk","Colombo Fort Station Officer","station_officer","Western Province","Colombo","Colombo Fort Police Station"
"wellawatte.station@police.lk","Wellawatte Station Officer","station_officer","Western Province","Colombo","Wellawatte Police Station"
"gampaha.station@police.lk","Gampaha Station Officer","station_officer","Western Province","Gampaha","Gampaha Police Station"
"negombo.station@police.lk","Negombo Station Officer","station_officer","Western Province","Gampaha","Negombo Police Station"
"kalutara.station@police.lk","Kalutara Station Officer","station_officer","Western Province","Kalutara","Kalutara Police Station"
"kandy-central.station@police.lk","Kandy Central Station Officer","station_officer","Central Province","Kandy","Kandy Central Police Station"
"matale.station@police.lk","Matale Station Officer","station_officer","Central Province","Matale","Matale Police Station"
"nuwara-eliya.station@police.lk","Nuwara Eliya Station Officer","station_officer","Central Province","Nuwara Eliya","Nuwara Eliya Police Station"
"galle-fort.station@police.lk","Galle Fort Station Officer","station_officer","Southern Province","Galle","Galle Fort Police Station"
"matara.station@police.lk","Matara Station Officer","station_officer","Southern Province","Matara","Matara Police Station"
"hambantota.station@police.lk","Hambantota Station Officer","station_officer","Southern Province","Hambantota","Hambantota Police Station"
"jaffna.station@police.lk","Jaffna Station Officer","station_officer","Northern Province","Jaffna","Jaffna Police Station"
"kilinochchi.station@police.lk","Kilinochchi Station Officer","station_officer","Northern Province","Kilinochchi","Kilinochchi Police Station"
"mannar.station@police.lk","Mannar Station Officer","station_officer","Northern Province","Mannar","Mannar Police Station"
"vavuniya.station@police.lk","Vavuniya Station Officer","station_officer","Northern Province","Vavuniya","Vavuniya Police Station"
"mullaitivu.station@police.lk","Mullaitivu Station Officer","station_officer","Northern Province","Mullaitivu","Mullaitivu Police Station"
"trincomalee.station@police.lk","Trincomalee Station Officer","station_officer","Eastern Province","Trincomalee","Trincomalee Police Station"
"batticaloa.station@police.lk","Batticaloa Station Officer","station_officer","Eastern Province","Batticaloa","Batticaloa Police Station"
"ampara.station@police.lk","Ampara Station Officer","station_officer","Eastern Province","Ampara","Ampara Police Station"
"kurunegala.station@police.lk","Kurunegala Station Officer","station_officer","North Western Province","Kurunegala","Kurunegala Police Station"
"puttalam.station@police.lk","Puttalam Station Officer","station_officer","North Western Province","Puttalam","Puttalam Police Station"
"anuradhapura.station@police.lk","Anuradhapura Station Officer","station_officer","North Central Province","Anuradhapura","Anuradhapura Police Station"
"polonnaruwa.station@police.lk","Polonnaruwa Station Officer","station_officer","North Central Province","Polonnaruwa","Polonnaruwa Police Station"
"badulla.station@police.lk","Badulla Station Officer","station_officer","Uva Province","Badulla","Badulla Police Station"
"monaragala.station@police.lk","Monaragala Station Officer","station_officer","Uva Province","Monaragala","Monaragala Police Station"
"ratnapura.station@police.lk","Ratnapura Station Officer","station_officer","Sabaragamuwa Province","Ratnapura","Ratnapura Police Station"
"kegalle.station@police.lk","Kegalle Station Officer","station_officer","Sabaragamuwa Province","Kegalle","Kegalle Police Station"