_id,tukTukId,registrationNumber,latitude,longitude,speed,heading,accuracy,timestamp
6a16a638c091c8ce7a400dac,6a16a475f184606a78b5f84b,NP NWU-4879,7.658782,80.979113,25.6,151,9.2,Wed May 27 2026 13:37:20 GMT+0530 (India Standard Time)
6a16a638c091c8ce7a400daa,6a16a475f184606a78b5f81a,NP NVE-8898,6.686532,80.538831,24.3,262,12.9,Wed May 27 2026 13:37:20 GMT+0530 (India Standard Time)
6a16a638c091c8ce7a400da8,6a16a475f184606a78b5f83d,NP PBE-2645,8.333099,81.632063,8.2,219,10.6,Wed May 27 2026 13:37:20 GMT+0530 (India Standard Time)
6a16a632c091c8ce7a400da0,6a16a474f184606a78b5f806,NP NBZ-1088,9.008902,80.277307,29,180,13.4,Wed May 27 2026 13:37:14 GMT+0530 (India Standard Time)
6a16a632c091c8ce7a400d9e,6a16a475f184606a78b5f812,NP JSU-9863,7.482377,79.68803,16.6,343,6,Wed May 27 2026 13:37:14 GMT+0530 (India Standard Time)
6a16a632c091c8ce7a400d9c,6a16a474f184606a78b5f7af,NP NEE-7043,6.146498,81.861643,28.8,304,14.5,Wed May 27 2026 13:37:14 GMT+0530 (India Standard Time)
6a16a632c091c8ce7a400d9a,6a16a474f184606a78b5f7a6,KY YIO-2226,6.380415,79.899383,33.5,20,14.7,Wed May 27 2026 13:37:14 GMT+0530 (India Standard Time)
6a16a632c091c8ce7a400d98,6a16a475f184606a78b5f84d,NP EKJ-9012,7.572526,81.654739,25.9,94,9,Wed May 27 2026 13:37:14 GMT+0530 (India Standard Time)
6a16a632c091c8ce7a400d96,6a16a474f184606a78b5f802,NP FBR-4074,7.495653,81.215792,21.4,230,11.2,Wed May 27 2026 13:37:14 GMT+0530 (India Standard Time)
6a16a632c091c8ce7a400d94,6a16a475f184606a78b5f827,NC RQT-9532,9.341074,81.318934,27.6,41,5.3,Wed May 27 2026 13:37:14 GMT+0530 (India Standard Time)
6a16a632c091c8ce7a400d92,6a16a474f184606a78b5f7b7,NC ESQ-2155,7.807828,80.533769,20.6,57,14.4,Wed May 27 2026 13:37:14 GMT+0530 (India Standard Time)
6a16a632c091c8ce7a400d90,6a16a474f184606a78b5f7ea,NC GGS-5539,7.012797,81.426565,28.9,146,5.7,Wed May 27 2026 13:37:14 GMT+0530 (India Standard Time)
6a16a632c091c8ce7a400d8e,6a16a475f184606a78b5f840,NC HJO-4820,7.430845,80.537947,27,330,3.9,Wed May 27 2026 13:37:14 GMT+0530 (India Standard Time)
6a16a62ec091c8ce7a400d78,6a16a475f184606a78b5f836,KY XSK-7396,7.170878,81.676723,12.7,5,13.8,Wed May 27 2026 13:37:10 GMT+0530 (India Standard Time)
6a16a62ec091c8ce7a400d76,6a16a475f184606a78b5f80e,KY SKS-1906,8.444743,80.52308,38.7,2,5.3,Wed May 27 2026 13:37:10 GMT+0530 (India Standard Time)
6a16a62ec091c8ce7a400d74,6a16a474f184606a78b5f80a,KY MCO-1555,6.201688,80.409121,32.2,163,4.5,Wed May 27 2026 13:37:10 GMT+0530 (India Standard Time)
6a16a62ec091c8ce7a400d72,6a16a475f184606a78b5f81f,KY FLH-8159,6.354229,81.537224,40.7,130,7.6,Wed May 27 2026 13:37:10 GMT+0530 (India Standard Time)
6a16a62ec091c8ce7a400d70,6a16a474f184606a78b5f78a,KY EVN-7494,9.618178,80.500003,27.4,144,13.2,Wed May 27 2026 13:37:10 GMT+0530 (India Standard Time)
6a16a62ec091c8ce7a400d6e,6a16a474f184606a78b5f7a9,KY DVS-8769,6.69968,80.493833,34.9,326,4.5,Wed May 27 2026 13:37:10 GMT+0530 (India Standard Time)
6a16a62ec091c8ce7a400d6c,6a16a474f184606a78b5f7a8,KY BGO-2987,7.922654,80.621865,26.6,43,6.2,Wed May 27 2026 13:37:10 GMT+0530 (India Standard Time)
6a16a62ec091c8ce7a400d6a,6a16a475f184606a78b5f83b,KU XRJ-2454,5.994318,80.307617,14,350,14.6,Wed May 27 2026 13:37:10 GMT+0530 (India Standard Time)
6a16a62ec091c8ce7a400d68,6a16a474f184606a78b5f7da,KU IHH-7473,8.465879,81.710901,29.4,73,14.9,Wed May 27 2026 13:37:10 GMT+0530 (India Standard Time)
6a16a62ec091c8ce7a400d66,6a16a475f184606a78b5f838,KU IDV-2360,9.680866,79.713727,36.7,280,9.4,Wed May 27 2026 13:37:10 GMT+0530 (India Standard Time)
6a16a629c091c8ce7a400d4e,6a16a474f184606a78b5f7aa,KU FTO-8836,9.657991,80.913767,31.2,3,11.7,Wed May 27 2026 13:37:05 GMT+0530 (India Standard Time)
6a16a629c091c8ce7a400d4c,6a16a474f184606a78b5f7db,KU DNL-1395,6.714987,80.999232,32.4,180,15,Wed May 27 2026 13:37:05 GMT+0530 (India Standard Time)
6a16a629c091c8ce7a400d4a,6a16a475f184606a78b5f81b,KU DNR-1257,9.419192,81.223557,35,286,11.8,Wed May 27 2026 13:37:05 GMT+0530 (India Standard Time)
6a16a629c091c8ce7a400d48,6a16a474f184606a78b5f78b,KU BVI-4539,6.727848,79.727996,23.9,286,5.2,Wed May 27 2026 13:37:05 GMT+0530 (India Standard Time)
6a16a629c091c8ce7a400d46,6a16a474f184606a78b5f794,JF YBG-1931,9.118956,79.655302,44,21,5.1,Wed May 27 2026 13:37:05 GMT+0530 (India Standard Time)
6a16a629c091c8ce7a400d44,6a16a474f184606a78b5f7f9,JF XXC-3333,8.988998,81.013841,36.8,325,8.7,Wed May 27 2026 13:37:05 GMT+0530 (India Standard Time)
6a16a629c091c8ce7a400d42,6a16a474f184606a78b5f799,JF YMD-2221,6.61444,81.131355,23.8,145,4.4,Wed May 27 2026 13:37:05 GMT+0530 (India Standard Time)
6a16a629c091c8ce7a400d40,6a16a474f184606a78b5f798,JF VFS-9113,9.241377,81.011422,10.3,333,5.9,Wed May 27 2026 13:37:05 GMT+0530 (India Standard Time)
6a16a629c091c8ce7a400d3e,6a16a474f184606a78b5f7e0,JF XIR-7103,7.985995,80.406726,35.8,45,4.1,Wed May 27 2026 13:37:05 GMT+0530 (India Standard Time)
6a16a629c091c8ce7a400d3c,6a16a474f184606a78b5f7fd,JF OXZ-2348,7.831799,81.36227,32.3,13,4.1,Wed May 27 2026 13:37:05 GMT+0530 (India Standard Time)
6a16a624c091c8ce7a400d23,6a16a475f184606a78b5f81c,GL SBV-1702,7.062976,79.713974,23.2,54,11.6,Wed May 27 2026 13:37:00 GMT+0530 (India Standard Time)
6a16a624c091c8ce7a400d21,6a16a475f184606a78b5f830,JF CEB-8449,8.211502,80.809272,23.6,188,14.5,Wed May 27 2026 13:37:00 GMT+0530 (India Standard Time)
6a16a624c091c8ce7a400d1f,6a16a474f184606a78b5f7e1,JF NSM-6931,7.346929,81.337002,31.3,102,10.5,Wed May 27 2026 13:37:00 GMT+0530 (India Standard Time)
6a16a624c091c8ce7a400d1d,6a16a474f184606a78b5f7f5,JF NCG-1266,6.810775,80.386972,9,263,14.3,Wed May 27 2026 13:37:00 GMT+0530 (India Standard Time)
6a16a624c091c8ce7a400d1b,6a16a475f184606a78b5f81e,GL YDN-6367,6.961721,81.333982,26.6,92,9.7,Wed May 27 2026 13:37:00 GMT+0530 (India Standard Time)
6a16a624c091c8ce7a400d19,6a16a474f184606a78b5f801,GL OPN-7993,6.637477,81.643942,19.9,196,10.8,Wed May 27 2026 13:37:00 GMT+0530 (India Standard Time)
6a16a624c091c8ce7a400d17,6a16a475f184606a78b5f848,GL EFZ-3816,9.183331,79.681414,14.1,279,12.4,Wed May 27 2026 13:37:00 GMT+0530 (India Standard Time)
6a16a624c091c8ce7a400d15,6a16a474f184606a78b5f7a2,GL NSF-4452,9.546448,81.661234,26.3,345,7.6,Wed May 27 2026 13:37:00 GMT+0530 (India Standard Time)
6a16a624c091c8ce7a400d13,6a16a474f184606a78b5f7f4,GL DFK-2064,6.096185,81.413535,36.6,290,13,Wed May 27 2026 13:37:00 GMT+0530 (India Standard Time)
6a16a624c091c8ce7a400d11,6a16a474f184606a78b5f7d9,EP YNA-9532,6.793003,80.028952,17.9,116,11.9,Wed May 27 2026 13:37:00 GMT+0530 (India Standard Time)
6a16a61fc091c8ce7a400cfb,6a16a474f184606a78b5f7bf,EP XED-8584,8.268234,80.515801,18.1,234,9.7,Wed May 27 2026 13:36:55 GMT+0530 (India Standard Time)
6a16a61fc091c8ce7a400cf9,6a16a475f184606a78b5f842,EP IQQ-1155,8.792924,81.277,22.1,265,13.3,Wed May 27 2026 13:36:55 GMT+0530 (India Standard Time)
6a16a61fc091c8ce7a400cf7,6a16a475f184606a78b5f826,EP VQO-9761,8.064484,81.587681,30.1,306,8.1,Wed May 27 2026 13:36:55 GMT+0530 (India Standard Time)
6a16a61fc091c8ce7a400cf5,6a16a474f184606a78b5f803,EP QSE-6186,7.673872,80.561367,17,237,7.6,Wed May 27 2026 13:36:55 GMT+0530 (India Standard Time)
6a16a61fc091c8ce7a400cf3,6a16a475f184606a78b5f82f,EP XVY-7875,6.206976,81.349518,29.4,77,14.2,Wed May 27 2026 13:36:55 GMT+0530 (India Standard Time)
6a16a61fc091c8ce7a400cf1,6a16a475f184606a78b5f831,EP INE-4254,8.335189,80.757072,43.4,69,14.2,Wed May 27 2026 13:36:55 GMT+0530 (India Standard Time)
6a16a61fc091c8ce7a400cef,6a16a474f184606a78b5f7cc,CP ZLP-1310,6.828265,80.988606,11.2,54,8,Wed May 27 2026 13:36:55 GMT+0530 (India Standard Time)
6a16a61fc091c8ce7a400ced,6a16a474f184606a78b5f79c,EP ECX-2906,8.512221,81.589459,33.5,318,13.5,Wed May 27 2026 13:36:55 GMT+0530 (India Standard Time)
6a16a61fc091c8ce7a400ceb,6a16a475f184606a78b5f849,CP ZDI-8085,8.454363,80.114248,32.1,271,9.7,Wed May 27 2026 13:36:55 GMT+0530 (India Standard Time)
6a16a61fc091c8ce7a400ce9,6a16a474f184606a78b5f79d,EP CRJ-9439,7.852137,81.4464,29.7,14,4.9,Wed May 27 2026 13:36:55 GMT+0530 (India Standard Time)
6a16a61ac091c8ce7a400cd3,6a16a474f184606a78b5f7f1,CP XKB-2908,7.907378,81.66822,36.1,287,13.5,Wed May 27 2026 13:36:50 GMT+0530 (India Standard Time)
6a16a61ac091c8ce7a400cd1,6a16a474f184606a78b5f7fe,CP XMS-1524,8.219024,79.698247,8.9,334,12.5,Wed May 27 2026 13:36:50 GMT+0530 (India Standard Time)
6a16a61ac091c8ce7a400ccf,6a16a474f184606a78b5f7b4,CP WQS-4077,6.301728,81.662646,12,260,9.8,Wed May 27 2026 13:36:50 GMT+0530 (India Standard Time)
6a16a61ac091c8ce7a400ccd,6a16a474f184606a78b5f7d3,CP WOF-4914,8.161266,81.433324,19.5,90,11.8,Wed May 27 2026 13:36:50 GMT+0530 (India Standard Time)
6a16a61ac091c8ce7a400ccb,6a16a474f184606a78b5f78e,CP OJM-7239,9.069153,80.898255,26.9,284,13.1,Wed May 27 2026 13:36:50 GMT+0530 (India Standard Time)
6a16a61ac091c8ce7a400cc9,6a16a474f184606a78b5f805,BD YBW-6297,6.040994,81.79034,13.8,121,11.8,Wed May 27 2026 13:36:50 GMT+0530 (India Standard Time)
6a16a61ac091c8ce7a400cc7,6a16a474f184606a78b5f79b,CP GEX-6920,6.419114,79.682258,36.1,201,6.9,Wed May 27 2026 13:36:50 GMT+0530 (India Standard Time)
6a16a61ac091c8ce7a400cc5,6a16a475f184606a78b5f83f,CP FMJ-3504,6.758469,80.789664,34.4,83,10.2,Wed May 27 2026 13:36:50 GMT+0530 (India Standard Time)
6a16a61ac091c8ce7a400cc3,6a16a475f184606a78b5f832,CP BVF-3472,8.908124,80.337564,11.8,239,3.5,Wed May 27 2026 13:36:50 GMT+0530 (India Standard Time)
6a16a61ac091c8ce7a400cc1,6a16a475f184606a78b5f828,CP DDP-2315,8.762818,80.405862,5.1,170,13.5,Wed May 27 2026 13:36:50 GMT+0530 (India Standard Time)
6a16a615c091c8ce7a400cab,6a16a475f184606a78b5f83c,BD VGX-1385,7.255171,80.423038,33.2,119,9.1,Wed May 27 2026 13:36:45 GMT+0530 (India Standard Time)
6a16a615c091c8ce7a400ca9,6a16a474f184606a78b5f7b1,BD PBB-3184,8.653416,80.594191,36.6,88,13.5,Wed May 27 2026 13:36:45 GMT+0530 (India Standard Time)
6a16a615c091c8ce7a400ca7,6a16a474f184606a78b5f78f,BD QEU-6425,8.339617,80.834687,31.3,336,4,Wed May 27 2026 13:36:45 GMT+0530 (India Standard Time)
6a16a615c091c8ce7a400ca5,6a16a474f184606a78b5f7c3,BD NNU-4144,9.335353,81.759777,35.8,106,7.6,Wed May 27 2026 13:36:45 GMT+0530 (India Standard Time)
6a16a615c091c8ce7a400ca3,6a16a474f184606a78b5f792,BD NAK-3974,6.57416,81.615266,28.8,180,7.9,Wed May 27 2026 13:36:45 GMT+0530 (India Standard Time)
6a16a615c091c8ce7a400ca1,6a16a474f184606a78b5f7b6,BD EPY-9376,8.893205,81.798454,7.4,280,4.3,Wed May 27 2026 13:36:45 GMT+0530 (India Standard Time)
6a16a615c091c8ce7a400c9f,6a16a474f184606a78b5f7e3,AN WAP-2861,9.707718,80.078211,18,33,8.7,Wed May 27 2026 13:36:45 GMT+0530 (India Standard Time)
6a16a615c091c8ce7a400c9d,6a16a474f184606a78b5f7f7,AN WXR-8805,8.193072,80.470457,9.1,79,10.3,Wed May 27 2026 13:36:45 GMT+0530 (India Standard Time)
6a16a615c091c8ce7a400c9b,6a16a474f184606a78b5f7a5,AN VFT-4286,7.830653,81.614813,13.4,222,8.2,Wed May 27 2026 13:36:45 GMT+0530 (India Standard Time)
6a16a615c091c8ce7a400c99,6a16a474f184606a78b5f7bb,AN LKF-4823,6.136809,80.722354,18.2,132,8.3,Wed May 27 2026 13:36:45 GMT+0530 (India Standard Time)
6a16a60fc091c8ce7a400c83,6a16a474f184606a78b5f7e6,WP VLQ-8310,9.107296,81.066683,26.2,174,7.7,Wed May 27 2026 13:36:39 GMT+0530 (India Standard Time)
6a16a60fc091c8ce7a400c81,6a16a474f184606a78b5f7ef,WP QNG-6705,7.401545,80.716492,12,96,5,Wed May 27 2026 13:36:39 GMT+0530 (India Standard Time)
6a16a60fc091c8ce7a400c7f,6a16a475f184606a78b5f810,WP SRM-6737,8.866255,79.81734,32.7,53,13.4,Wed May 27 2026 13:36:39 GMT+0530 (India Standard Time)
6a16a60fc091c8ce7a400c7d,6a16a474f184606a78b5f7d0,WP XXV-8027,7.056974,80.88266,22,245,13.6,Wed May 27 2026 13:36:39 GMT+0530 (India Standard Time)
6a16a60fc091c8ce7a400c7b,6a16a474f184606a78b5f7ff,WP PES-5188,7.919696,81.363109,38.4,326,8.5,Wed May 27 2026 13:36:39 GMT+0530 (India Standard Time)
6a16a60bc091c8ce7a400c6f,6a16a475f184606a78b5f811,WP OET-1901,8.650791,81.42049,34.6,44,14.6,Wed May 27 2026 13:36:35 GMT+0530 (India Standard Time)
6a16a60bc091c8ce7a400c6d,6a16a474f184606a78b5f7f2,WP NYT-9884,5.924441,79.809751,40.1,322,5.4,Wed May 27 2026 13:36:35 GMT+0530 (India Standard Time)
6a16a60bc091c8ce7a400c6b,6a16a475f184606a78b5f837,WP KKM-2449,6.609765,80.841364,16,267,7.9,Wed May 27 2026 13:36:35 GMT+0530 (India Standard Time)
6a16a60bc091c8ce7a400c69,6a16a474f184606a78b5f7c6,WP HGT-8396,7.799403,80.083772,30.3,164,14.5,Wed May 27 2026 13:36:35 GMT+0530 (India Standard Time)
6a16a60bc091c8ce7a400c67,6a16a474f184606a78b5f7a0,WP FZQ-2469,6.892238,80.936644,27.5,223,13.6,Wed May 27 2026 13:36:35 GMT+0530 (India Standard Time)
6a16a60bc091c8ce7a400c65,6a16a474f184606a78b5f7a4,WP FKI-9392,9.70055,81.287892,16.2,281,14.5,Wed May 27 2026 13:36:35 GMT+0530 (India Standard Time)
6a16a60bc091c8ce7a400c63,6a16a475f184606a78b5f82c,WP FJK-7303,8.224852,81.325705,16.2,86,5.7,Wed May 27 2026 13:36:35 GMT+0530 (India Standard Time)
6a16a60bc091c8ce7a400c61,6a16a474f184606a78b5f80c,WP EYI-3272,7.499597,81.68353,12.8,143,7.8,Wed May 27 2026 13:36:35 GMT+0530 (India Standard Time)
6a16a60bc091c8ce7a400c5f,6a16a475f184606a78b5f814,WP EVH-1157,6.913425,81.032013,31,13,8.8,Wed May 27 2026 13:36:35 GMT+0530 (India Standard Time)
6a16a60bc091c8ce7a400c5d,6a16a474f184606a78b5f7d7,WP EBK-9523,7.969774,81.456836,34.7,5,6.5,Wed May 27 2026 13:36:35 GMT+0530 (India Standard Time)
6a16a606c091c8ce7a400c47,6a16a474f184606a78b5f791,TC TRV-5139,8.45439,80.640176,18.7,315,13.9,Wed May 27 2026 13:36:30 GMT+0530 (India Standard Time)
6a16a606c091c8ce7a400c45,6a16a475f184606a78b5f844,TC ZRE-5167,8.652154,81.523317,35.3,287,3.7,Wed May 27 2026 13:36:30 GMT+0530 (India Standard Time)
6a16a606c091c8ce7a400c43,6a16a475f184606a78b5f84e,UV FXP-8312,6.975461,80.340907,29.5,321,12.2,Wed May 27 2026 13:36:30 GMT+0530 (India Standard Time)
6a16a606c091c8ce7a400c41,6a16a475f184606a78b5f813,WP DNE-3909,7.390083,79.801141,19.8,207,4,Wed May 27 2026 13:36:30 GMT+0530 (India Standard Time)
6a16a606c091c8ce7a400c3f,6a16a474f184606a78b5f790,TC PYY-7286,7.176757,80.127372,33.7,288,5.1,Wed May 27 2026 13:36:30 GMT+0530 (India Standard Time)
6a16a606c091c8ce7a400c3d,6a16a474f184606a78b5f7b2,UV PKH-9180,7.903768,81.443295,26.5,23,12.2,Wed May 27 2026 13:36:30 GMT+0530 (India Standard Time)
6a16a606c091c8ce7a400c3b,6a16a475f184606a78b5f815,TC WJD-7330,7.929437,80.494493,27.9,289,4.2,Wed May 27 2026 13:36:30 GMT+0530 (India Standard Time)
6a16a606c091c8ce7a400c39,6a16a474f184606a78b5f809,TC VLE-4963,6.565629,80.982483,22.4,90,3.8,Wed May 27 2026 13:36:30 GMT+0530 (India Standard Time)
6a16a606c091c8ce7a400c37,6a16a475f184606a78b5f84c,TC SCV-6040,9.342174,79.865607,18.5,301,10.6,Wed May 27 2026 13:36:30 GMT+0530 (India Standard Time)
6a16a606c091c8ce7a400c35,6a16a474f184606a78b5f7f0,TC REG-2335,7.484196,80.759137,24.3,150,8.1,Wed May 27 2026 13:36:30 GMT+0530 (India Standard Time)
6a16a602c091c8ce7a400c1f,6a16a474f184606a78b5f797,TC ISP-2899,8.026814,81.47829,43.9,273,11.8,Wed May 27 2026 13:36:26 GMT+0530 (India Standard Time)
6a16a602c091c8ce7a400c1d,6a16a475f184606a78b5f816,SP QIB-8818,8.300637,81.014126,30.7,81,13.3,Wed May 27 2026 13:36:26 GMT+0530 (India Standard Time)
6a16a602c091c8ce7a400c1b,6a16a474f184606a78b5f7d8,TC KHR-5563,6.39021,79.665354,21.1,159,12.7,Wed May 27 2026 13:36:26 GMT+0530 (India Standard Time)
6a16a602c091c8ce7a400c19,6a16a474f184606a78b5f7fb,TC IPB-1172,7.559064,81.488171,38,37,11.9,Wed May 27 2026 13:36:26 GMT+0530 (India Standard Time)
6a16a602c091c8ce7a400c17,6a16a474f184606a78b5f7ce,RP HKQ-5778,6.592407,81.248129,38.9,127,12.6,Wed May 27 2026 13:36:26 GMT+0530 (India Standard Time)
6a16a602c091c8ce7a400c15,6a16a474f184606a78b5f7b9,RP VWZ-4216,7.093305,80.677575,11.7,199,4.6,Wed May 27 2026 13:36:26 GMT+0530 (India Standard Time)
6a16a602c091c8ce7a400c13,6a16a474f184606a78b5f7ad,RP KCR-6594,7.774345,81.761327,13.2,302,10.4,Wed May 27 2026 13:36:26 GMT+0530 (India Standard Time)
6a16a602c091c8ce7a400c11,6a16a474f184606a78b5f7b5,SP SLW-8698,9.633854,80.826648,9.5,93,10.3,Wed May 27 2026 13:36:26 GMT+0530 (India Standard Time)
6a16a602c091c8ce7a400c0f,6a16a474f184606a78b5f787,SG ELZ-2902,9.756787,80.432456,34.1,116,7.9,Wed May 27 2026 13:36:26 GMT+0530 (India Standard Time)
6a16a602c091c8ce7a400c0d,6a16a474f184606a78b5f804,RP QWF-6576,9.479985,79.858595,21,92,10.1,Wed May 27 2026 13:36:26 GMT+0530 (India Standard Time)
6a16a5fbc091c8ce7a400bf7,6a16a474f184606a78b5f7ba,RP ARY-3745,9.830448,81.023024,32,277,9.3,Wed May 27 2026 13:36:19 GMT+0530 (India Standard Time)
6a16a5fbc091c8ce7a400bf5,6a16a475f184606a78b5f81d,NW YJV-7126,8.422574,79.872268,41.4,16,3.3,Wed May 27 2026 13:36:19 GMT+0530 (India Standard Time)
6a16a5fbc091c8ce7a400bf3,6a16a474f184606a78b5f78d,NW NLP-9047,6.65006,79.821324,19.4,197,4.2,Wed May 27 2026 13:36:19 GMT+0530 (India Standard Time)
6a16a5fbc091c8ce7a400bf1,6a16a474f184606a78b5f7e7,NW BCP-3954,8.69524,81.45735,29.6,180,7.4,Wed May 27 2026 13:36:19 GMT+0530 (India Standard Time)
6a16a5fbc091c8ce7a400bef,6a16a474f184606a78b5f7eb,NW CTE-9195,8.94678,81.137,34.9,163,13.1,Wed May 27 2026 13:36:19 GMT+0530 (India Standard Time)
6a16a5fbc091c8ce7a400bed,6a16a474f184606a78b5f7e9,NW TAB-6814,8.420961,80.093542,27.3,172,9.2,Wed May 27 2026 13:36:19 GMT+0530 (India Standard Time)
6a16a5fbc091c8ce7a400beb,6a16a475f184606a78b5f820,NP UWS-5262,6.350915,80.614203,15.2,198,13.7,Wed May 27 2026 13:36:19 GMT+0530 (India Standard Time)
6a16a5fbc091c8ce7a400be9,6a16a474f184606a78b5f7bc,NP XVG-5865,8.72365,79.931891,20.9,93,11.7,Wed May 27 2026 13:36:19 GMT+0530 (India Standard Time)
6a16a5fbc091c8ce7a400be7,6a16a475f184606a78b5f821,NP SSM-9423,6.014672,79.861939,42.5,318,10.6,Wed May 27 2026 13:36:19 GMT+0530 (India Standard Time)
6a16a5fbc091c8ce7a400be5,6a16a475f184606a78b5f839,NP UWV-2542,6.100442,80.373303,34.8,234,9.3,Wed May 27 2026 13:36:19 GMT+0530 (India Standard Time)
6a16a5f7c091c8ce7a400bcf,6a16a475f184606a78b5f81a,NP NVE-8898,6.686532,80.538832,23.4,256,6.8,Wed May 27 2026 13:36:15 GMT+0530 (India Standard Time)
6a16a5f7c091c8ce7a400bcd,6a16a475f184606a78b5f82e,NP PCM-8758,8.696861,80.242728,20.6,110,5.2,Wed May 27 2026 13:36:15 GMT+0530 (India Standard Time)
6a16a5f7c091c8ce7a400bcb,6a16a475f184606a78b5f819,NP PVN-2657,7.748674,81.048275,19,38,6.5,Wed May 27 2026 13:36:15 GMT+0530 (India Standard Time)
6a16a5f7c091c8ce7a400bc9,6a16a475f184606a78b5f84b,NP NWU-4879,7.658783,80.979113,20.7,160,3.7,Wed May 27 2026 13:36:15 GMT+0530 (India Standard Time)
6a16a5f7c091c8ce7a400bc7,6a16a475f184606a78b5f83d,NP PBE-2645,8.333099,81.632064,11.6,229,8.9,Wed May 27 2026 13:36:15 GMT+0530 (India Standard Time)
6a16a5f7c091c8ce7a400bc5,6a16a475f184606a78b5f812,NP JSU-9863,7.482377,79.68803,20.2,332,12.3,Wed May 27 2026 13:36:15 GMT+0530 (India Standard Time)
6a16a5f7c091c8ce7a400bc3,6a16a475f184606a78b5f84d,NP EKJ-9012,7.572526,81.654739,29,93,13.7,Wed May 27 2026 13:36:15 GMT+0530 (India Standard Time)
6a16a5f7c091c8ce7a400bc1,6a16a474f184606a78b5f802,NP FBR-4074,7.495653,81.215793,17.9,239,7.8,Wed May 27 2026 13:36:15 GMT+0530 (India Standard Time)
6a16a5f7c091c8ce7a400bbf,6a16a474f184606a78b5f806,NP NBZ-1088,9.008903,80.277307,33.1,179,11.8,Wed May 27 2026 13:36:15 GMT+0530 (India Standard Time)
6a16a5f7c091c8ce7a400bbd,6a16a474f184606a78b5f7af,NP NEE-7043,6.146498,81.861643,33.2,307,13.8,Wed May 27 2026 13:36:15 GMT+0530 (India Standard Time)
6a16a5f1c091c8ce7a400ba2,6a16a475f184606a78b5f827,NC RQT-9532,9.341073,81.318934,23.6,33,13,Wed May 27 2026 13:36:09 GMT+0530 (India Standard Time)
6a16a5f1c091c8ce7a400ba0,6a16a475f184606a78b5f840,NC HJO-4820,7.430845,80.537947,27.8,339,4.1,Wed May 27 2026 13:36:09 GMT+0530 (India Standard Time)
6a16a5f1c091c8ce7a400b9e,6a16a474f184606a78b5f7ea,NC GGS-5539,7.012797,81.426565,30,140,3.5,Wed May 27 2026 13:36:09 GMT+0530 (India Standard Time)
6a16a5f1c091c8ce7a400b9c,6a16a474f184606a78b5f7a6,KY YIO-2226,6.380415,79.899383,33.7,18,10.8,Wed May 27 2026 13:36:09 GMT+0530 (India Standard Time)
6a16a5f1c091c8ce7a400b9a,6a16a474f184606a78b5f7b7,NC ESQ-2155,7.807828,80.533769,16.5,49,7.2,Wed May 27 2026 13:36:09 GMT+0530 (India Standard Time)
6a16a5f1c091c8ce7a400b98,6a16a475f184606a78b5f81f,KY FLH-8159,6.35423,81.537224,44.3,129,4.3,Wed May 27 2026 13:36:09 GMT+0530 (India Standard Time)
6a16a5f1c091c8ce7a400b96,6a16a475f184606a78b5f836,KY XSK-7396,7.170878,81.676723,17.5,19,5,Wed May 27 2026 13:36:09 GMT+0530 (India Standard Time)
6a16a5f1c091c8ce7a400b94,6a16a474f184606a78b5f78a,KY EVN-7494,9.618178,80.500002,26.5,150,12.1,Wed May 27 2026 13:36:09 GMT+0530 (India Standard Time)
6a16a5f1c091c8ce7a400b92,6a16a475f184606a78b5f80e,KY SKS-1906,8.444743,80.52308,37.7,14,11.5,Wed May 27 2026 13:36:09 GMT+0530 (India Standard Time)
6a16a5f1c091c8ce7a400b90,6a16a474f184606a78b5f80a,KY MCO-1555,6.201689,80.409121,28.5,157,13.1,Wed May 27 2026 13:36:09 GMT+0530 (India Standard Time)
6a16a5edc091c8ce7a400b7a,6a16a474f184606a78b5f7a9,KY DVS-8769,6.69968,80.493833,30.7,329,5,Wed May 27 2026 13:36:05 GMT+0530 (India Standard Time)
6a16a5edc091c8ce7a400b78,6a16a474f184606a78b5f7a8,KY BGO-2987,7.922654,80.621864,23.9,44,10.2,Wed May 27 2026 13:36:05 GMT+0530 (India Standard Time)
6a16a5edc091c8ce7a400b76,6a16a474f184606a78b5f7db,KU DNL-1395,6.714987,80.999232,28,182,5,Wed May 27 2026 13:36:05 GMT+0530 (India Standard Time)
6a16a5edc091c8ce7a400b74,6a16a475f184606a78b5f83b,KU XRJ-2454,5.994318,80.307617,16.6,1,3.2,Wed May 27 2026 13:36:05 GMT+0530 (India Standard Time)
6a16a5edc091c8ce7a400b72,6a16a475f184606a78b5f81b,KU DNR-1257,9.419191,81.223557,38,285,5.6,Wed May 27 2026 13:36:05 GMT+0530 (India Standard Time)
6a16a5edc091c8ce7a400b70,6a16a475f184606a78b5f838,KU IDV-2360,9.680866,79.713727,38.2,282,7.2,Wed May 27 2026 13:36:05 GMT+0530 (India Standard Time)
6a16a5edc091c8ce7a400b6e,6a16a474f184606a78b5f7da,KU IHH-7473,8.465879,81.7109,29.2,74,11.2,Wed May 27 2026 13:36:05 GMT+0530 (India Standard Time)
6a16a5edc091c8ce7a400b6c,6a16a474f184606a78b5f7aa,KU FTO-8836,9.657991,80.913767,32.4,10,11,Wed May 27 2026 13:36:05 GMT+0530 (India Standard Time)
6a16a5edc091c8ce7a400b6a,6a16a474f184606a78b5f78b,KU BVI-4539,6.727848,79.727996,22.9,291,10.3,Wed May 27 2026 13:36:05 GMT+0530 (India Standard Time)
6a16a5edc091c8ce7a400b68,6a16a474f184606a78b5f799,JF YMD-2221,6.61444,81.131355,22.9,137,12.7,Wed May 27 2026 13:36:05 GMT+0530 (India Standard Time)
6a16a5e9c091c8ce7a400b52,6a16a475f184606a78b5f81e,GL YDN-6367,6.961721,81.333982,27.9,98,8,Wed May 27 2026 13:36:01 GMT+0530 (India Standard Time)
6a16a5e9c091c8ce7a400b50,6a16a475f184606a78b5f830,JF CEB-8449,8.211503,80.809272,27.9,202,4.6,Wed May 27 2026 13:36:01 GMT+0530 (India Standard Time)
6a16a5e9c091c8ce7a400b4e,6a16a475f184606a78b5f81c,GL SBV-1702,7.062976,79.713974,24.8,68,8.8,Wed May 27 2026 13:36:01 GMT+0530 (India Standard Time)
6a16a5e8c091c8ce7a400b49,6a16a474f184606a78b5f794,JF YBG-1931,9.118955,79.655301,40.8,22,7.6,Wed May 27 2026 13:36:00 GMT+0530 (India Standard Time)
6a16a5e8c091c8ce7a400b47,6a16a474f184606a78b5f7e0,JF XIR-7103,7.985994,80.406726,34.8,44,13.1,Wed May 27 2026 13:36:00 GMT+0530 (India Standard Time)
6a16a5e8c091c8ce7a400b45,6a16a474f184606a78b5f7f9,JF XXC-3333,8.988997,81.013841,32,329,3.7,Wed May 27 2026 13:36:00 GMT+0530 (India Standard Time)
6a16a5e8c091c8ce7a400b43,6a16a474f184606a78b5f7e1,JF NSM-6931,7.346929,81.337002,33.6,109,6.1,Wed May 27 2026 13:36:00 GMT+0530 (India Standard Time)
6a16a5e8c091c8ce7a400b41,6a16a474f184606a78b5f798,JF VFS-9113,9.241377,81.011422,12.5,329,7.1,Wed May 27 2026 13:36:00 GMT+0530 (India Standard Time)
6a16a5e8c091c8ce7a400b3f,6a16a474f184606a78b5f7fd,JF OXZ-2348,7.831798,81.36227,32.7,6,10.2,Wed May 27 2026 13:36:00 GMT+0530 (India Standard Time)
6a16a5e8c091c8ce7a400b3d,6a16a474f184606a78b5f7f5,JF NCG-1266,6.810775,80.386972,8.1,258,7.3,Wed May 27 2026 13:36:00 GMT+0530 (India Standard Time)
6a16a5e3c091c8ce7a400b2a,6a16a474f184606a78b5f801,GL OPN-7993,6.637478,81.643942,18.5,189,3.4,Wed May 27 2026 13:35:55 GMT+0530 (India Standard Time)
6a16a5e3c091c8ce7a400b28,6a16a475f184606a78b5f848,GL EFZ-3816,9.183331,79.681415,15.3,283,3.7,Wed May 27 2026 13:35:55 GMT+0530 (India Standard Time)
6a16a5e3c091c8ce7a400b26,6a16a474f184606a78b5f7a2,GL NSF-4452,9.546448,81.661234,21.8,332,3.3,Wed May 27 2026 13:35:55 GMT+0530 (India Standard Time)
6a16a5e3c091c8ce7a400b24,6a16a474f184606a78b5f7bf,EP XED-8584,8.268234,80.515802,21,222,14.9,Wed May 27 2026 13:35:55 GMT+0530 (India Standard Time)
6a16a5e3c091c8ce7a400b22,6a16a474f184606a78b5f803,EP QSE-6186,7.673873,80.561368,12.5,238,7.4,Wed May 27 2026 13:35:55 GMT+0530 (India Standard Time)
6a16a5e3c091c8ce7a400b20,6a16a474f184606a78b5f7f4,GL DFK-2064,6.096185,81.413535,37,289,12.1,Wed May 27 2026 13:35:55 GMT+0530 (India Standard Time)
6a16a5e3c091c8ce7a400b1e,6a16a475f184606a78b5f82f,EP XVY-7875,6.206976,81.349517,27.3,92,4.6,Wed May 27 2026 13:35:55 GMT+0530 (India Standard Time)
6a16a5e3c091c8ce7a400b1c,6a16a475f184606a78b5f826,EP VQO-9761,8.064484,81.587682,31.3,318,14.2,Wed May 27 2026 13:35:55 GMT+0530 (India Standard Time)
6a16a5e3c091c8ce7a400b1a,6a16a475f184606a78b5f842,EP IQQ-1155,8.792924,81.277,26.1,261,3.9,Wed May 27 2026 13:35:55 GMT+0530 (India Standard Time)
6a16a5e3c091c8ce7a400b18,6a16a474f184606a78b5f7d9,EP YNA-9532,6.793003,80.028952,14.7,126,12.3,Wed May 27 2026 13:35:55 GMT+0530 (India Standard Time)
6a16a5e0c091c8ce7a400b02,6a16a475f184606a78b5f831,EP INE-4254,8.335189,80.757072,41.9,71,12.7,Wed May 27 2026 13:35:52 GMT+0530 (India Standard Time)
6a16a5e0c091c8ce7a400b00,6a16a475f184606a78b5f849,CP ZDI-8085,8.454363,80.114249,31.6,264,11,Wed May 27 2026 13:35:52 GMT+0530 (India Standard Time)
6a16a5dec091c8ce7a400afc,6a16a474f184606a78b5f7cc,CP ZLP-1310,6.828265,80.988606,10.7,45,11.3,Wed May 27 2026 13:35:50 GMT+0530 (India Standard Time)
6a16a5dec091c8ce7a400afa,6a16a474f184606a78b5f78e,CP OJM-7239,9.069153,80.898255,23.3,276,8.4,Wed May 27 2026 13:35:50 GMT+0530 (India Standard Time)
6a16a5dec091c8ce7a400af8,6a16a474f184606a78b5f79d,EP CRJ-9439,7.852137,81.4464,26.9,8,4,Wed May 27 2026 13:35:50 GMT+0530 (India Standard Time)
6a16a5dec091c8ce7a400af6,6a16a474f184606a78b5f7b4,CP WQS-4077,6.301728,81.662646,10.4,269,6.1,Wed May 27 2026 13:35:50 GMT+0530 (India Standard Time)
6a16a5dec091c8ce7a400af4,6a16a474f184606a78b5f7fe,CP XMS-1524,8.219024,79.698248,9.1,326,8.5,Wed May 27 2026 13:35:50 GMT+0530 (India Standard Time)
6a16a5dec091c8ce7a400af2,6a16a474f184606a78b5f7d3,CP WOF-4914,8.161266,81.433324,15.7,97,13.2,Wed May 27 2026 13:35:50 GMT+0530 (India Standard Time)
6a16a5dec091c8ce7a400af0,6a16a474f184606a78b5f79c,EP ECX-2906,8.512221,81.58946,34.7,328,9.2,Wed May 27 2026 13:35:50 GMT+0530 (India Standard Time)
6a16a5dec091c8ce7a400aee,6a16a474f184606a78b5f7f1,CP XKB-2908,7.907378,81.66822,32.7,288,9.6,Wed May 27 2026 13:35:50 GMT+0530 (India Standard Time)
6a16a5ddc091c8ce7a400ada,6a16a475f184606a78b5f832,CP BVF-3472,8.908124,80.337564,8.8,242,9.2,Wed May 27 2026 13:35:49 GMT+0530 (India Standard Time)
6a16a5ddc091c8ce7a400ad8,6a16a474f184606a78b5f805,BD YBW-6297,6.040994,81.79034,14.7,133,5.6,Wed May 27 2026 13:35:49 GMT+0530 (India Standard Time)
6a16a5dac091c8ce7a400ad4,6a16a474f184606a78b5f79b,CP GEX-6920,6.419115,79.682258,32.2,207,8.8,Wed May 27 2026 13:35:46 GMT+0530 (India Standard Time)
6a16a5dac091c8ce7a400ad2,6a16a475f184606a78b5f83f,CP FMJ-3504,6.758469,80.789664,30.3,76,10.7,Wed May 27 2026 13:35:46 GMT+0530 (India Standard Time)
6a16a5d9c091c8ce7a400ad0,6a16a475f184606a78b5f828,CP DDP-2315,8.762818,80.405862,9.7,165,9.5,Wed May 27 2026 13:35:45 GMT+0530 (India Standard Time)
6a16a5d9c091c8ce7a400ace,6a16a474f184606a78b5f7b1,BD PBB-3184,8.653416,80.594191,40.8,81,13.3,Wed May 27 2026 13:35:45 GMT+0530 (India Standard Time)
6a16a5d9c091c8ce7a400acc,6a16a475f184606a78b5f83c,BD VGX-1385,7.255172,80.423038,31.5,125,12.7,Wed May 27 2026 13:35:45 GMT+0530 (India Standard Time)
6a16a5d9c091c8ce7a400aca,6a16a474f184606a78b5f7c3,BD NNU-4144,9.335353,81.759776,34.1,93,6.1,Wed May 27 2026 13:35:45 GMT+0530 (India Standard Time)
6a16a5d9c091c8ce7a400ac8,6a16a474f184606a78b5f78f,BD QEU-6425,8.339616,80.834687,30.5,326,3.3,Wed May 27 2026 13:35:45 GMT+0530 (India Standard Time)
6a16a5d9c091c8ce7a400ac6,6a16a474f184606a78b5f792,BD NAK-3974,6.57416,81.615266,25.6,178,13.1,Wed May 27 2026 13:35:45 GMT+0530 (India Standard Time)
6a16a5d7c091c8ce7a400ab2,6a16a474f184606a78b5f7bb,AN LKF-4823,6.136809,80.722354,14,119,6.5,Wed May 27 2026 13:35:43 GMT+0530 (India Standard Time)
6a16a5d7c091c8ce7a400ab0,6a16a474f184606a78b5f7a5,AN VFT-4286,7.830653,81.614813,15.9,232,9,Wed May 27 2026 13:35:43 GMT+0530 (India Standard Time)
6a16a5d5c091c8ce7a400aac,6a16a474f184606a78b5f7b6,BD EPY-9376,8.893205,81.798454,8.8,275,8.8,Wed May 27 2026 13:35:41 GMT+0530 (India Standard Time)
6a16a5d5c091c8ce7a400aaa,6a16a474f184606a78b5f7f7,AN WXR-8805,8.193072,80.470457,10.2,80,11,Wed May 27 2026 13:35:41 GMT+0530 (India Standard Time)
6a16a5d4c091c8ce7a400aa8,6a16a474f184606a78b5f7e3,AN WAP-2861,9.707718,80.078211,18.3,40,6.9,Wed May 27 2026 13:35:40 GMT+0530 (India Standard Time)
6a16a5d4c091c8ce7a400aa6,6a16a475f184606a78b5f846,AN CGJ-4866,7.674774,80.561191,14.3,324,5.3,Wed May 27 2026 13:35:40 GMT+0530 (India Standard Time)
6a16a5d4c091c8ce7a400aa4,6a16a474f184606a78b5f78c,AN FXN-8470,8.78561,80.073379,21.8,122,3.3,Wed May 27 2026 13:35:40 GMT+0530 (India Standard Time)
6a16a5d4c091c8ce7a400aa2,6a16a474f184606a78b5f800,AN CZI-6829,9.577067,80.803565,15.1,275,12.6,Wed May 27 2026 13:35:40 GMT+0530 (India Standard Time)
6a16a5d4c091c8ce7a400aa0,6a16a474f184606a78b5f7ca,AN CDF-4821,6.300647,79.974609,23.8,264,12.3,Wed May 27 2026 13:35:40 GMT+0530 (India Standard Time)
6a16a5d4c091c8ce7a400a9e,6a16a474f184606a78b5f7d2,AN AYU-4760,8.528993,81.262077,23.7,310,4.1,Wed May 27 2026 13:35:40 GMT+0530 (India Standard Time)