_id,registrationNumber,driverName,driverNIC,driverPhone,province,district,deviceId,status,registeredAt
69f357d43663da3351ee7f96,JF ZTA-5746,Chaminda Gunawardena,100000019V,0715645030,Northern Province,Vavuniya,DEV-0020,active,Tue Oct 14 2025 18:53:32 GMT+0530 (India Standard Time)
69f357d43663da3351ee7f9a,JF HQG-5085,Thilina Fernando,100000023V,0791105299,Northern Province,Mullaitivu,DEV-0024,inactive,Mon Dec 09 2024 18:53:32 GMT+0530 (India Standard Time)
69f357d43663da3351ee7fa1,UV QZB-1423,Mohamed Mohamed,100000030V,0796772266,Uva Province,Monaragala,DEV-0031,inactive,Fri Mar 28 2025 18:53:32 GMT+0530 (India Standard Time)
69f357d43663da3351ee7fa5,TC SON-8074,Krishnan Perera,100000034V,0754304949,Eastern Province,Trincomalee,DEV-0035,inactive,Mon Aug 11 2025 18:53:32 GMT+0530 (India Standard Time)
69f357d43663da3351ee7fc5,EP MPT-3538,Roshan Ibrahim,100000066V,0714503542,Eastern Province,Trincomalee,DEV-0067,active,Sun Mar 02 2025 18:53:32 GMT+0530 (India Standard Time)
69f357d43663da3351ee7fc8,JF UEY-5682,Vimal Bandara,100000069V,0774055707,Northern Province,Mullaitivu,DEV-0070,active,Sat Dec 20 2025 18:53:32 GMT+0530 (India Standard Time)
69f357d43663da3351ee7fd7,KY YIO-4242,Nimal Kumara,100000084V,0742228064,Central Province,Nuwara Eliya,DEV-0085,suspended,Sun Nov 30 2025 18:53:32 GMT+0530 (India Standard Time)
69f357d43663da3351ee7fda,SG PIL-2281,Saman Hassan,100000087V,0771929656,Sabaragamuwa Province,Ratnapura,DEV-0088,suspended,Wed Jul 30 2025 18:53:32 GMT+0530 (India Standard Time)
69f357d43663da3351ee7ffb,NC RJJ-7993,Nuwan Pathirana,100000120V,0763955331,North Central Province,Polonnaruwa,DEV-0121,active,Thu Aug 15 2024 18:53:32 GMT+0530 (India Standard Time)
69f357d43663da3351ee8023,CP OXZ-8335,Nimal Perera,100000160V,0776789869,Central Province,Matale,DEV-0161,inactive,Tue Aug 06 2024 18:53:32 GMT+0530 (India Standard Time)
69f357d43663da3351ee8027,KY VYB-6172,Tharaka Rajan,100000164V,0777783400,Central Province,Nuwara Eliya,DEV-0165,active,Sun Jun 16 2024 18:53:32 GMT+0530 (India Standard Time)
69f357d43663da3351ee802d,KY YKD-7695,Selvam Mendis,100000170V,0752756197,Central Province,Kandy,DEV-0171,suspended,Mon Feb 02 2026 18:53:32 GMT+0530 (India Standard Time)
69f357d43663da3351ee803f,EP JRD-3533,Hassan Senanayake,100000188V,0767469251,Eastern Province,Trincomalee,DEV-0189,suspended,Fri Nov 08 2024 18:53:32 GMT+0530 (India Standard Time)
69f357d43663da3351ee7f9e,SP ZBA-3624,Tharaka Shankar,100000027V,0776146269,Southern Province,Matara,DEV-0028,active,Wed Dec 24 2025 18:53:32 GMT+0530 (India Standard Time)
69f357d43663da3351ee7fb0,GL FGA-2203,Isuru Mohamed,100000045V,0781587604,Southern Province,Hambantota,DEV-0046,active,Sat Nov 29 2025 18:53:32 GMT+0530 (India Standard Time)
69f357d43663da3351ee7fb4,GL WNM-7898,Manoj Amarasinghe,100000049V,0776175683,Southern Province,Matara,DEV-0050,active,Tue Sep 23 2025 18:53:32 GMT+0530 (India Standard Time)
69f357d43663da3351ee7fe5,SP ICX-7899,Balaji Pathirana,100000098V,0769541055,Southern Province,Hambantota,DEV-0099,suspended,Wed Sep 17 2025 18:53:32 GMT+0530 (India Standard Time)
69f357d43663da3351ee8013,KU YPF-5125,Vimal Jayawardena,100000144V,0741772266,North Western Province,Puttalam,DEV-0145,active,Thu Feb 12 2026 18:53:32 GMT+0530 (India Standard Time)
69f357d43663da3351ee8017,BD LLX-8613,Ruwan Fernando,100000148V,0752860404,Uva Province,Monaragala,DEV-0149,inactive,Mon Mar 23 2026 18:53:32 GMT+0530 (India Standard Time)
69f357d43663da3351ee803e,WP VYQ-4339,Rajan Amarasinghe,100000187V,0768683753,Western Province,Kalutara,DEV-0188,active,Sat Jan 10 2026 18:53:32 GMT+0530 (India Standard Time)
69f357d43663da3351ee8049,SP LFY-3363,Ajith Rathnayake,100000198V,0701521300,Southern Province,Galle,DEV-0199,active,Fri May 03 2024 18:53:32 GMT+0530 (India Standard Time)
69f357d43663da3351ee7f87,BD UKP-7062,Dinesh Rajapaksa,100000004V,0747992910,Uva Province,Badulla,DEV-0005,inactive,Tue Dec 31 2024 18:53:32 GMT+0530 (India Standard Time)
69f357d43663da3351ee7f92,AN PVC-2324,Selvam Gunawardena,100000015V,0745186923,North Central Province,Anuradhapura,DEV-0016,active,Wed May 15 2024 18:53:32 GMT+0530 (India Standard Time)
69f357d43663da3351ee7fa2,SP VGT-4863,Lasantha Herath,100000031V,0773460230,Southern Province,Hambantota,DEV-0032,active,Mon Dec 08 2025 18:53:32 GMT+0530 (India Standard Time)
69f357d43663da3351ee7fa3,KY HCQ-7931,Lasantha Shankar,100000032V,0792638481,Central Province,Nuwara Eliya,DEV-0033,active,Thu May 22 2025 18:53:32 GMT+0530 (India Standard Time)
69f357d43663da3351ee7fa8,BD GCI-9694,Vimal Mendis,100000037V,0758842064,Uva Province,Monaragala,DEV-0038,inactive,Fri Jan 16 2026 18:53:32 GMT+0530 (India Standard Time)
69f357d43663da3351ee7fc7,JF ZMP-2760,Hassan Mendis,100000068V,0748439838,Northern Province,Jaffna,DEV-0069,active,Wed Apr 16 2025 18:53:32 GMT+0530 (India Standard Time)
69f357d43663da3351ee7fe4,SP QDI-9654,Nuwan Mohamed,100000097V,0722033180,Southern Province,Hambantota,DEV-0098,active,Thu Feb 13 2025 18:53:32 GMT+0530 (India Standard Time)
69f357d43663da3351ee7ff0,UV XJS-5138,Sivam Perera,100000109V,0794974314,Uva Province,Monaragala,DEV-0110,suspended,Mon Jan 19 2026 18:53:32 GMT+0530 (India Standard Time)
69f357d43663da3351ee7ff4,WP CRW-3803,Asanka Silva,100000113V,0708737940,Western Province,Colombo,DEV-0114,active,Fri Dec 05 2025 18:53:32 GMT+0530 (India Standard Time)
69f357d43663da3351ee7ff6,NW VWL-8148,Sivam Wickramasinghe,100000115V,0725622628,North Western Province,Kurunegala,DEV-0116,active,Fri Dec 05 2025 18:53:32 GMT+0530 (India Standard Time)
69f357d43663da3351ee8003,JF RKH-1972,Asanka Bandara,100000128V,0712343300,Northern Province,Vavuniya,DEV-0129,active,Tue Feb 17 2026 18:53:32 GMT+0530 (India Standard Time)
69f357d43663da3351ee8012,CP RMQ-9016,Nimal Shankar,100000143V,0756657628,Central Province,Matale,DEV-0144,suspended,Sun Mar 15 2026 18:53:32 GMT+0530 (India Standard Time)
69f357d43663da3351ee8016,WP VUX-6050,Rajan Pillai,100000147V,0747929532,Western Province,Kalutara,DEV-0148,active,Tue May 14 2024 18:53:32 GMT+0530 (India Standard Time)
69f357d43663da3351ee801f,RP UGE-6840,Murugan Fernando,100000156V,0765357389,Sabaragamuwa Province,Kegalle,DEV-0157,active,Tue Nov 19 2024 18:53:32 GMT+0530 (India Standard Time)
69f357d43663da3351ee8043,WP JNV-7636,Isuru Herath,100000192V,0746489417,Western Province,Gampaha,DEV-0193,inactive,Sat Aug 09 2025 18:53:32 GMT+0530 (India Standard Time)
69f357d43663da3351ee7f8e,CP YAJ-8873,Nuwan Kumara,100000011V,0711995021,Central Province,Matale,DEV-0012,inactive,Wed Mar 25 2026 18:53:32 GMT+0530 (India Standard Time)
69f357d43663da3351ee7f94,TC IQX-2853,Sivam Jayawardena,100000017V,0764592249,Eastern Province,Batticaloa,DEV-0018,inactive,Sat Jan 24 2026 18:53:32 GMT+0530 (India Standard Time)
69f357d43663da3351ee7f95,AN ISB-4615,Lasantha Pathirana,100000018V,0716875738,North Central Province,Polonnaruwa,DEV-0019,active,Sat May 31 2025 18:53:32 GMT+0530 (India Standard Time)
69f357d43663da3351ee7f9b,EP HKB-4498,Kumara Rajan,100000024V,0782402834,Eastern Province,Batticaloa,DEV-0025,active,Mon Oct 21 2024 18:53:32 GMT+0530 (India Standard Time)
69f357d43663da3351ee7fae,JF XRR-6788,Sunil Amarasinghe,100000043V,0792870714,Northern Province,Jaffna,DEV-0044,active,Sat Mar 15 2025 18:53:32 GMT+0530 (India Standard Time)
69f357d43663da3351ee7fb5,AN SQO-1390,Dhanushka Rathnayake,100000050V,0747822046,North Central Province,Anuradhapura,DEV-0051,inactive,Thu Jan 01 2026 18:53:32 GMT+0530 (India Standard Time)
69f357d43663da3351ee7fbf,GL UGY-4889,Manoj Rajapaksa,100000060V,0779620365,Southern Province,Matara,DEV-0061,inactive,Thu Jan 16 2025 18:53:32 GMT+0530 (India Standard Time)
69f357d43663da3351ee7fcf,SP BQG-1810,Murugan Rajan,100000076V,0715646571,Southern Province,Hambantota,DEV-0077,active,Sat Mar 14 2026 18:53:32 GMT+0530 (India Standard Time)
69f357d43663da3351ee7fd0,KY NMJ-9821,Dinesh Fernando,100000077V,0794825718,Central Province,Nuwara Eliya,DEV-0078,inactive,Fri Aug 02 2024 18:53:32 GMT+0530 (India Standard Time)
69f357d43663da3351ee7feb,CP ENS-8400,Kasun Hassan,100000104V,0714305808,Central Province,Matale,DEV-0105,active,Mon Nov 03 2025 18:53:32 GMT+0530 (India Standard Time)
69f357d43663da3351ee800e,WP PQM-4327,Saman Senanayake,100000139V,0746893129,Western Province,Gampaha,DEV-0140,suspended,Thu Oct 30 2025 18:53:32 GMT+0530 (India Standard Time)
69f357d43663da3351ee801a,EP JYG-6067,Saman Kumara,100000151V,0775154571,Eastern Province,Trincomalee,DEV-0152,suspended,Wed Nov 20 2024 18:53:32 GMT+0530 (India Standard Time)
69f357d43663da3351ee802b,SP YEY-1319,Nimal Perera,100000168V,0799148014,Southern Province,Galle,DEV-0169,inactive,Sun Feb 02 2025 18:53:32 GMT+0530 (India Standard Time)
69f357d43663da3351ee8031,RP GRA-9060,Saman Bandara,100000174V,0747342292,Sabaragamuwa Province,Ratnapura,DEV-0175,suspended,Tue May 28 2024 18:53:32 GMT+0530 (India Standard Time)
69f357d43663da3351ee8036,NC TXF-6475,Selvam Rajapaksa,100000179V,0794554815,North Central Province,Anuradhapura,DEV-0180,active,Tue May 21 2024 18:53:32 GMT+0530 (India Standard Time)
69f357d43663da3351ee8044,WP DUJ-8155,Roshan Rajapaksa,100000193V,0718190064,Western Province,Colombo,DEV-0194,active,Mon Jun 17 2024 18:53:32 GMT+0530 (India Standard Time)
69f357d43663da3351ee7f84,JF QIT-9520,Sunil Herath,100000001V,0755668490,Northern Province,Mullaitivu,DEV-0002,active,Tue Apr 22 2025 18:53:32 GMT+0530 (India Standard Time)
69f357d43663da3351ee7f8b,EP LXK-3501,Vimal Gunawardena,100000008V,0779145695,Eastern Province,Trincomalee,DEV-0009,active,Sun Jan 05 2025 18:53:32 GMT+0530 (India Standard Time)
69f357d43663da3351ee7f8c,JF IHA-4850,Sivam Fernando,100000009V,0709579618,Northern Province,Mannar,DEV-0010,active,Sun Oct 12 2025 18:53:32 GMT+0530 (India Standard Time)
69f357d43663da3351ee7fbb,BD ATI-1258,Balaji Amarasinghe,100000056V,0765623730,Uva Province,Badulla,DEV-0057,suspended,Tue May 28 2024 18:53:32 GMT+0530 (India Standard Time)
69f357d43663da3351ee7fc4,NP SUZ-1273,Chaminda Dissanayake,100000065V,0749528014,Northern Province,Vavuniya,DEV-0066,active,Mon Jul 29 2024 18:53:32 GMT+0530 (India Standard Time)
69f357d43663da3351ee7fcd,JF XQC-1440,Nimal Silva,100000074V,0757610440,Northern Province,Mannar,DEV-0075,active,Sun May 12 2024 18:53:32 GMT+0530 (India Standard Time)
69f357d43663da3351ee7fd4,BD SMV-3701,Kasun Pathirana,100000081V,0747824811,Uva Province,Badulla,DEV-0082,active,Thu Aug 21 2025 18:53:32 GMT+0530 (India Standard Time)
69f357d43663da3351ee7fe0,WP XCF-4681,Asanka Hassan,100000093V,0717406687,Western Province,Kalutara,DEV-0094,active,Wed Feb 12 2025 18:53:32 GMT+0530 (India Standard Time)
69f357d43663da3351ee7fef,JF KYF-6357,Lasantha Shankar,100000108V,0765849148,Northern Province,Mannar,DEV-0109,inactive,Fri Jan 09 2026 18:53:32 GMT+0530 (India Standard Time)
69f357d43663da3351ee7ff9,JF YZS-4243,Chathura Mohamed,100000118V,0732475946,Northern Province,Vavuniya,DEV-0119,active,Tue Dec 24 2024 18:53:32 GMT+0530 (India Standard Time)
69f357d43663da3351ee8007,RP UTA-9846,Nimal Shankar,100000132V,0749659609,Sabaragamuwa Province,Ratnapura,DEV-0133,active,Tue Jan 14 2025 18:53:32 GMT+0530 (India Standard Time)
69f357d43663da3351ee8029,SP QJB-9233,Asanka Dissanayake,100000166V,0771079402,Southern Province,Hambantota,DEV-0167,active,Tue Jan 21 2025 18:53:32 GMT+0530 (India Standard Time)
69f357d43663da3351ee803a,KU RLF-2755,Nuwan Hassan,100000183V,0775805435,North Western Province,Kurunegala,DEV-0184,active,Fri Jan 16 2026 18:53:32 GMT+0530 (India Standard Time)
69f357d43663da3351ee7f86,NP SDC-1007,Kasun Mendis,100000003V,0783548451,Northern Province,Mullaitivu,DEV-0004,inactive,Fri Aug 23 2024 18:53:32 GMT+0530 (India Standard Time)
69f357d43663da3351ee7f9d,RP GTR-3463,Thilina Kumara,100000026V,0791678805,Sabaragamuwa Province,Kegalle,DEV-0027,active,Sun Nov 02 2025 18:53:32 GMT+0530 (India Standard Time)
69f357d43663da3351ee7fd8,RP UAX-7667,Ruwan Mohamed,100000085V,0729967936,Sabaragamuwa Province,Kegalle,DEV-0086,active,Sat Jan 03 2026 18:53:32 GMT+0530 (India Standard Time)
69f357d43663da3351ee7ff2,WP VBO-8952,Kasun Amarasinghe,100000111V,0713212833,Western Province,Kalutara,DEV-0112,active,Sat Nov 22 2025 18:53:32 GMT+0530 (India Standard Time)
69f357d43663da3351ee7fff,NC XEA-2367,Arjun Gunawardena,100000124V,0707404417,North Central Province,Polonnaruwa,DEV-0125,active,Wed Jul 24 2024 18:53:32 GMT+0530 (India Standard Time)
69f357d43663da3351ee8005,NC KKV-3667,Thilina Herath,100000130V,0728135653,North Central Province,Anuradhapura,DEV-0131,active,Sat Nov 02 2024 18:53:32 GMT+0530 (India Standard Time)
69f357d43663da3351ee800a,SP YXD-8278,Isuru Amarasinghe,100000135V,0797649586,Southern Province,Hambantota,DEV-0136,active,Thu Sep 05 2024 18:53:32 GMT+0530 (India Standard Time)
69f357d43663da3351ee801c,CP JWQ-6374,Chaminda Senanayake,100000153V,0789200130,Central Province,Nuwara Eliya,DEV-0154,suspended,Sun Jul 14 2024 18:53:32 GMT+0530 (India Standard Time)
69f357d43663da3351ee801e,AN FNP-9106,Selvam Kumara,100000155V,0757583006,North Central Province,Polonnaruwa,DEV-0156,inactive,Tue Jul 01 2025 18:53:32 GMT+0530 (India Standard Time)
69f357d43663da3351ee8026,KY ACF-3137,Hassan Fernando,100000163V,0734245530,Central Province,Kandy,DEV-0164,active,Tue Jun 24 2025 18:53:32 GMT+0530 (India Standard Time)
69f357d43663da3351ee7f88,WP HSQ-2505,Ruwan Karunaratne,100000005V,0778331969,Western Province,Gampaha,DEV-0006,suspended,Sat Sep 06 2025 18:53:32 GMT+0530 (India Standard Time)
69f357d43663da3351ee7fac,GL TFL-9567,Dhanushka Amarasinghe,100000041V,0702922925,Southern Province,Hambantota,DEV-0042,suspended,Wed Jul 23 2025 18:53:32 GMT+0530 (India Standard Time)
69f357d43663da3351ee7fba,WP RMW-2591,Vimal Gunawardena,100000055V,0774381108,Western Province,Colombo,DEV-0056,suspended,Tue Aug 12 2025 18:53:32 GMT+0530 (India Standard Time)
69f357d43663da3351ee7fbd,NP ACN-5381,Pradeep Gunawardena,100000058V,0708748706,Northern Province,Jaffna,DEV-0059,suspended,Sat Jul 27 2024 18:53:32 GMT+0530 (India Standard Time)
69f357d43663da3351ee7fd9,NW TPD-2897,Balaji Mendis,100000086V,0766856496,North Western Province,Kurunegala,DEV-0087,active,Sat Jun 07 2025 18:53:32 GMT+0530 (India Standard Time)
69f357d43663da3351ee7fe2,CP DFK-6852,Pradeep Bandara,100000095V,0782615874,Central Province,Kandy,DEV-0096,active,Wed Mar 19 2025 18:53:32 GMT+0530 (India Standard Time)
69f357d43663da3351ee7fed,CP IOE-9234,Chathura Karunaratne,100000106V,0783235613,Central Province,Matale,DEV-0107,active,Mon Dec 23 2024 18:53:32 GMT+0530 (India Standard Time)
69f357d43663da3351ee7fee,WP DSQ-1461,Lasantha Mohamed,100000107V,0777419926,Western Province,Kalutara,DEV-0108,inactive,Mon Mar 10 2025 18:53:32 GMT+0530 (India Standard Time)
69f357d43663da3351ee8009,NP XAI-5841,Isuru Hassan,100000134V,0705301139,Northern Province,Jaffna,DEV-0135,active,Wed May 08 2024 18:53:32 GMT+0530 (India Standard Time)
69f357d43663da3351ee801b,BD PHT-1910,Pradeep Gunawardena,100000152V,0712613183,Uva Province,Monaragala,DEV-0153,active,Sat Oct 25 2025 18:53:32 GMT+0530 (India Standard Time)
69f357d43663da3351ee802e,WP ILA-3139,Arjun Gunawardena,100000171V,0797427693,Western Province,Kalutara,DEV-0172,active,Mon Jan 20 2025 18:53:32 GMT+0530 (India Standard Time)
69f357d43663da3351ee803c,GL IQC-6430,Dhanushka Mohamed,100000185V,0772076395,Southern Province,Galle,DEV-0186,active,Fri Nov 21 2025 18:53:32 GMT+0530 (India Standard Time)
69f357d43663da3351ee8042,BD ZJO-2903,Asanka Ibrahim,100000191V,0797257861,Uva Province,Badulla,DEV-0192,active,Fri Jul 25 2025 18:53:32 GMT+0530 (India Standard Time)
69f357d43663da3351ee7f85,GL SHI-8552,Manoj Bandara,100000002V,0703841877,Southern Province,Galle,DEV-0003,active,Sat Jun 21 2025 18:53:32 GMT+0530 (India Standard Time)
69f357d43663da3351ee7f90,JF LRS-6413,Arjun Pathirana,100000013V,0715168342,Northern Province,Vavuniya,DEV-0014,active,Tue Nov 05 2024 18:53:32 GMT+0530 (India Standard Time)
69f357d43663da3351ee7f99,WP XQD-7244,Roshan Perera,100000022V,0739591567,Western Province,Kalutara,DEV-0023,active,Wed Sep 25 2024 18:53:32 GMT+0530 (India Standard Time)
69f357d43663da3351ee7f9c,UV QFH-6566,Saman Mendis,100000025V,0745739878,Uva Province,Monaragala,DEV-0026,active,Tue Jul 01 2025 18:53:32 GMT+0530 (India Standard Time)
69f357d43663da3351ee7fa7,SP MGM-7624,Pradeep Ibrahim,100000036V,0721188484,Southern Province,Galle,DEV-0037,suspended,Fri Jan 03 2025 18:53:32 GMT+0530 (India Standard Time)
69f357d43663da3351ee7fa9,EP KBW-7276,Manoj Mendis,100000038V,0758062029,Eastern Province,Batticaloa,DEV-0039,suspended,Mon May 05 2025 18:53:32 GMT+0530 (India Standard Time)
69f357d43663da3351ee7fc9,CP XQP-7702,Sivam Pillai,100000070V,0711745705,Central Province,Nuwara Eliya,DEV-0071,inactive,Tue Mar 03 2026 18:53:32 GMT+0530 (India Standard Time)
69f357d43663da3351ee7fd2,NP ZVO-4906,Manoj Amarasinghe,100000079V,0797190430,Northern Province,Mullaitivu,DEV-0080,active,Wed Dec 10 2025 18:53:32 GMT+0530 (India Standard Time)
69f357d43663da3351ee7fdf,NW VKX-9432,Thilina Hassan,100000092V,0786117533,North Western Province,Puttalam,DEV-0093,active,Fri Sep 13 2024 18:53:32 GMT+0530 (India Standard Time)
69f357d43663da3351ee7ff3,JF JLO-4178,Chaminda Gunawardena,100000112V,0754998518,Northern Province,Kilinochchi,DEV-0113,active,Sun Jul 06 2025 18:53:32 GMT+0530 (India Standard Time)
69f357d43663da3351ee7ffa,CP VSI-3529,Nimal Ibrahim,100000119V,0791658281,Central Province,Kandy,DEV-0120,active,Wed Oct 08 2025 18:53:32 GMT+0530 (India Standard Time)
69f357d43663da3351ee8001,TC ZMC-9875,Lasantha Senanayake,100000126V,0799950700,Eastern Province,Batticaloa,DEV-0127,inactive,Mon Oct 20 2025 18:53:32 GMT+0530 (India Standard Time)
69f357d43663da3351ee8008,GL TKX-8351,Ajith Herath,100000133V,0757393146,Southern Province,Hambantota,DEV-0134,suspended,Fri Oct 10 2025 18:53:32 GMT+0530 (India Standard Time)
69f357d43663da3351ee800c,NP GML-8222,Krishnan Pathirana,100000137V,0724184717,Northern Province,Mannar,DEV-0138,active,Fri Aug 01 2025 18:53:32 GMT+0530 (India Standard Time)
69f357d43663da3351ee8014,WP XKB-7702,Isuru Mohamed,100000145V,0792313782,Western Province,Colombo,DEV-0146,active,Sat May 10 2025 18:53:32 GMT+0530 (India Standard Time)
69f357d43663da3351ee8025,KY DZB-5536,Tharaka Amarasinghe,100000162V,0747029318,Central Province,Matale,DEV-0163,inactive,Sun Feb 08 2026 18:53:32 GMT+0530 (India Standard Time)
69f357d43663da3351ee802a,NP ZIF-1221,Pradeep Dissanayake,100000167V,0711046392,Northern Province,Jaffna,DEV-0168,active,Wed Jun 12 2024 18:53:32 GMT+0530 (India Standard Time)
69f357d43663da3351ee8032,SP XGN-2019,Kumara Jayawardena,100000175V,0775878011,Southern Province,Hambantota,DEV-0176,suspended,Tue May 27 2025 18:53:32 GMT+0530 (India Standard Time)
69f357d43663da3351ee8047,CP DHP-1647,Manoj Silva,100000196V,0779867470,Central Province,Matale,DEV-0197,active,Sun Mar 29 2026 18:53:32 GMT+0530 (India Standard Time)
69f357d43663da3351ee8048,SP QXJ-9218,Thilina Senanayake,100000197V,0792938032,Southern Province,Hambantota,DEV-0198,inactive,Wed Apr 16 2025 18:53:32 GMT+0530 (India Standard Time)
69f357d43663da3351ee7fa0,JF UZZ-4631,Nuwan Fernando,100000029V,0789184664,Northern Province,Jaffna,DEV-0030,active,Wed Sep 04 2024 18:53:32 GMT+0530 (India Standard Time)
69f357d43663da3351ee7fdd,JF YAY-6744,Nimal Hassan,100000090V,0741215532,Northern Province,Kilinochchi,DEV-0091,inactive,Mon Nov 25 2024 18:53:32 GMT+0530 (India Standard Time)
69f357d43663da3351ee7ff8,WP VRA-3248,Rajan Herath,100000117V,0735973165,Western Province,Colombo,DEV-0118,active,Thu Nov 14 2024 18:53:32 GMT+0530 (India Standard Time)
69f357d43663da3351ee7ffc,WP KTN-5749,Vimal Shankar,100000121V,0781569096,Western Province,Gampaha,DEV-0122,suspended,Fri Nov 14 2025 18:53:32 GMT+0530 (India Standard Time)
69f357d43663da3351ee8010,WP NXM-2002,Manoj Pillai,100000141V,0753205684,Western Province,Colombo,DEV-0142,active,Sun Nov 02 2025 18:53:32 GMT+0530 (India Standard Time)
69f357d43663da3351ee8028,NP QTZ-6441,Kasun Bandara,100000165V,0787910875,Northern Province,Jaffna,DEV-0166,active,Sat Dec 13 2025 18:53:32 GMT+0530 (India Standard Time)
69f357d43663da3351ee8033,CP FBJ-2609,Pradeep Jayawardena,100000176V,0726683447,Central Province,Nuwara Eliya,DEV-0177,inactive,Thu Oct 16 2025 18:53:32 GMT+0530 (India Standard Time)
69f357d43663da3351ee7fb2,KY GEO-7937,Manoj Mohamed,100000047V,0767169211,Central Province,Kandy,DEV-0048,active,Tue Dec 30 2025 18:53:32 GMT+0530 (India Standard Time)
69f357d43663da3351ee7fc3,SP WIF-6070,Nimal Bandara,100000064V,0744769550,Southern Province,Hambantota,DEV-0065,suspended,Thu Jan 09 2025 18:53:32 GMT+0530 (India Standard Time)
69f357d43663da3351ee7fcc,SP KDJ-1692,Lasantha Senanayake,100000073V,0703906355,Southern Province,Hambantota,DEV-0074,active,Thu Feb 05 2026 18:53:32 GMT+0530 (India Standard Time)
69f357d43663da3351ee7fe8,KY VSX-8029,Lasantha Shankar,100000101V,0727784611,Central Province,Kandy,DEV-0102,suspended,Thu Nov 07 2024 18:53:32 GMT+0530 (India Standard Time)
69f357d43663da3351ee8015,GL GEN-6029,Saman Mohamed,100000146V,0758153832,Southern Province,Galle,DEV-0147,inactive,Thu Aug 22 2024 18:53:32 GMT+0530 (India Standard Time)
69f357d43663da3351ee8035,NC NNB-9788,Arjun Senanayake,100000178V,0738614012,North Central Province,Anuradhapura,DEV-0179,active,Thu Mar 12 2026 18:53:32 GMT+0530 (India Standard Time)
69f357d43663da3351ee8038,AN BRO-1566,Chaminda Hassan,100000181V,0702644588,North Central Province,Polonnaruwa,DEV-0182,inactive,Tue Oct 28 2025 18:53:32 GMT+0530 (India Standard Time)
69f357d43663da3351ee7f91,EP JQB-2833,Ruwan Kumara,100000014V,0717283112,Eastern Province,Trincomalee,DEV-0015,suspended,Sun Sep 14 2025 18:53:32 GMT+0530 (India Standard Time)
69f357d43663da3351ee7fb3,EP XNV-8456,Arjun Kumara,100000048V,0743342221,Eastern Province,Ampara,DEV-0049,suspended,Thu Oct 31 2024 18:53:32 GMT+0530 (India Standard Time)
69f357d43663da3351ee7fb9,BD TJI-9116,Nuwan Perera,100000054V,0715734253,Uva Province,Monaragala,DEV-0055,active,Wed Jul 16 2025 18:53:32 GMT+0530 (India Standard Time)
69f357d43663da3351ee7fbe,RP DUA-7253,Selvam Perera,100000059V,0799574330,Sabaragamuwa Province,Ratnapura,DEV-0060,suspended,Tue Jun 10 2025 18:53:32 GMT+0530 (India Standard Time)
69f357d43663da3351ee7fc1,NC RDF-1180,Dhanushka Rathnayake,100000062V,0739991987,North Central Province,Polonnaruwa,DEV-0063,inactive,Thu Sep 11 2025 18:53:32 GMT+0530 (India Standard Time)
69f357d43663da3351ee7fca,JF BWK-1771,Tharaka Silva,100000071V,0729045159,Northern Province,Mannar,DEV-0072,active,Fri Apr 04 2025 18:53:32 GMT+0530 (India Standard Time)
69f357d43663da3351ee7fde,BD BVU-8359,Vimal Gunawardena,100000091V,0732837267,Uva Province,Badulla,DEV-0092,suspended,Sun Oct 20 2024 18:53:32 GMT+0530 (India Standard Time)
69f357d43663da3351ee7fe3,WP DFS-6165,Vimal Amarasinghe,100000096V,0707496268,Western Province,Kalutara,DEV-0097,active,Sat Jun 22 2024 18:53:32 GMT+0530 (India Standard Time)
69f357d43663da3351ee8000,NP DMG-6334,Hassan Wickramasinghe,100000125V,0744450371,Northern Province,Vavuniya,DEV-0126,active,Mon May 26 2025 18:53:32 GMT+0530 (India Standard Time)
69f357d43663da3351ee8002,GL ZLL-1249,Sivam Bandara,100000127V,0715783671,Southern Province,Hambantota,DEV-0128,inactive,Tue Apr 29 2025 18:53:32 GMT+0530 (India Standard Time)
69f357d43663da3351ee8006,CP QMC-8465,Mohamed Amarasinghe,100000131V,0769379118,Central Province,Kandy,DEV-0132,active,Tue Feb 24 2026 18:53:32 GMT+0530 (India Standard Time)
69f357d43663da3351ee800b,TC EFN-3372,Ruwan Bandara,100000136V,0775861485,Eastern Province,Batticaloa,DEV-0137,active,Thu Aug 01 2024 18:53:32 GMT+0530 (India Standard Time)
69f357d43663da3351ee8021,SP TDJ-6755,Pradeep Fernando,100000158V,0743782461,Southern Province,Matara,DEV-0159,active,Sun Nov 03 2024 18:53:32 GMT+0530 (India Standard Time)
69f357d43663da3351ee8045,GL LHB-3920,Thilina Gunawardena,100000194V,0749909620,Southern Province,Hambantota,DEV-0195,suspended,Sat Jul 26 2025 18:53:32 GMT+0530 (India Standard Time)
69f357d43663da3351ee8046,KY EUC-7096,Murugan Jayawardena,100000195V,0755862067,Central Province,Nuwara Eliya,DEV-0196,active,Sat Dec 06 2025 18:53:32 GMT+0530 (India Standard Time)
69f357d43663da3351ee804a,RP HFA-6733,Arjun Pillai,100000199V,0737199604,Sabaragamuwa Province,Ratnapura,DEV-0200,active,Mon Mar 31 2025 18:53:32 GMT+0530 (India Standard Time)
69f357d43663da3351ee7fb1,NW XUK-9802,Ruwan Karunaratne,100000046V,0737679704,North Western Province,Kurunegala,DEV-0047,active,Mon Nov 10 2025 18:53:32 GMT+0530 (India Standard Time)
69f357d43663da3351ee7fd1,NP ICL-7552,Nuwan Gunawardena,100000078V,0774006597,Northern Province,Kilinochchi,DEV-0079,active,Thu May 23 2024 18:53:32 GMT+0530 (India Standard Time)
69f357d43663da3351ee7fe6,WP BOJ-1750,Sunil Kumara,100000099V,0752023796,Western Province,Gampaha,DEV-0100,active,Fri Dec 19 2025 18:53:32 GMT+0530 (India Standard Time)
69f357d43663da3351ee7fe7,KU WXR-4337,Pradeep Bandara,100000100V,0764156944,North Western Province,Kurunegala,DEV-0101,inactive,Fri Apr 11 2025 18:53:32 GMT+0530 (India Standard Time)
69f357d43663da3351ee7fe9,EP PFC-3974,Rajan Hassan,100000102V,0747398719,Eastern Province,Trincomalee,DEV-0103,active,Fri Jun 13 2025 18:53:32 GMT+0530 (India Standard Time)
69f357d43663da3351ee8011,SG KVL-5674,Nuwan Hassan,100000142V,0723453640,Sabaragamuwa Province,Ratnapura,DEV-0143,suspended,Tue Jun 10 2025 18:53:32 GMT+0530 (India Standard Time)
69f357d43663da3351ee8020,SP AGQ-1854,Hassan Hassan,100000157V,0774916788,Southern Province,Hambantota,DEV-0158,inactive,Tue May 07 2024 18:53:32 GMT+0530 (India Standard Time)
69f357d43663da3351ee8039,UV XQU-6435,Manoj Ibrahim,100000182V,0761952444,Uva Province,Monaragala,DEV-0183,inactive,Wed Sep 25 2024 18:53:32 GMT+0530 (India Standard Time)
69f357d43663da3351ee8040,JF NCC-2259,Kasun Shankar,100000189V,0739487031,Northern Province,Jaffna,DEV-0190,active,Mon May 20 2024 18:53:32 GMT+0530 (India Standard Time)
69f357d43663da3351ee8041,BD UPO-7763,Nimal Mohamed,100000190V,0726128229,Uva Province,Badulla,DEV-0191,active,Sun Dec 15 2024 18:53:32 GMT+0530 (India Standard Time)
69f357d43663da3351ee7f83,WP JEY-6245,Manoj Karunaratne,100000000V,0755431597,Western Province,Gampaha,DEV-0001,active,Thu Sep 25 2025 18:53:32 GMT+0530 (India Standard Time)
69f357d43663da3351ee7f8d,NP AFF-1569,Roshan Herath,100000010V,0727956454,Northern Province,Mullaitivu,DEV-0011,inactive,Tue May 06 2025 18:53:32 GMT+0530 (India Standard Time)
69f357d43663da3351ee7fc0,GL ATF-5114,Roshan Senanayake,100000061V,0712831161,Southern Province,Galle,DEV-0062,inactive,Tue Mar 25 2025 18:53:32 GMT+0530 (India Standard Time)
69f357d43663da3351ee7fd3,CP GUR-2261,Nuwan Kumara,100000080V,0779106341,Central Province,Nuwara Eliya,DEV-0081,suspended,Mon Jun 30 2025 18:53:32 GMT+0530 (India Standard Time)
69f357d43663da3351ee8019,RP LPJ-3344,Manoj Herath,100000150V,0769529380,Sabaragamuwa Province,Ratnapura,DEV-0151,inactive,Sun Mar 02 2025 18:53:32 GMT+0530 (India Standard Time)
69f357d43663da3351ee802c,WP ELX-7585,Chathura Pathirana,100000169V,0799266236,Western Province,Gampaha,DEV-0170,inactive,Fri Oct 11 2024 18:53:32 GMT+0530 (India Standard Time)
69f357d43663da3351ee8034,RP DPU-8384,Sunil Dissanayake,100000177V,0774011762,Sabaragamuwa Province,Kegalle,DEV-0178,suspended,Mon Mar 16 2026 18:53:32 GMT+0530 (India Standard Time)
69f357d43663da3351ee803d,UV JSZ-2177,Pradeep Rajan,100000186V,0758029797,Uva Province,Monaragala,DEV-0187,active,Mon Sep 15 2025 18:53:32 GMT+0530 (India Standard Time)
69f357d43663da3351ee7f8a,NP OVX-8741,Nimal Senanayake,100000007V,0704760556,Northern Province,Vavuniya,DEV-0008,active,Fri Jan 30 2026 18:53:32 GMT+0530 (India Standard Time)
69f357d43663da3351ee7fa6,SP CAB-9338,Kasun Mendis,100000035V,0778779863,Southern Province,Galle,DEV-0036,active,Mon Mar 30 2026 18:53:32 GMT+0530 (India Standard Time)
69f357d43663da3351ee7fad,WP ZGV-3306,Murugan Senanayake,100000042V,0719167250,Western Province,Colombo,DEV-0043,inactive,Fri Dec 05 2025 18:53:32 GMT+0530 (India Standard Time)
69f357d43663da3351ee7fbc,SP JLA-6466,Ruwan Dissanayake,100000057V,0793629283,Southern Province,Matara,DEV-0058,active,Tue Jan 14 2025 18:53:32 GMT+0530 (India Standard Time)
69f357d43663da3351ee7fc6,EP MVM-5065,Kasun Rajapaksa,100000067V,0723403236,Eastern Province,Trincomalee,DEV-0068,inactive,Mon Oct 27 2025 18:53:32 GMT+0530 (India Standard Time)
69f357d43663da3351ee7fce,NW BYR-2420,Ruwan Amarasinghe,100000075V,0797802711,North Western Province,Kurunegala,DEV-0076,suspended,Sun Apr 27 2025 18:53:32 GMT+0530 (India Standard Time)
69f357d43663da3351ee7fd6,WP ILQ-4279,Arjun Silva,100000083V,0756075438,Western Province,Colombo,DEV-0084,inactive,Wed Jun 26 2024 18:53:32 GMT+0530 (India Standard Time)
69f357d43663da3351ee7fea,WP BCD-8199,Krishnan Herath,100000103V,0751792624,Western Province,Kalutara,DEV-0104,suspended,Sun Feb 23 2025 18:53:32 GMT+0530 (India Standard Time)
69f357d43663da3351ee7fec,SG OQV-1303,Vimal Hassan,100000105V,0793049225,Sabaragamuwa Province,Ratnapura,DEV-0106,active,Tue Sep 09 2025 18:53:32 GMT+0530 (India Standard Time)
69f357d43663da3351ee801d,EP QAV-5235,Dhanushka Jayawardena,100000154V,0761278421,Eastern Province,Trincomalee,DEV-0155,active,Tue Dec 31 2024 18:53:32 GMT+0530 (India Standard Time)
69f357d43663da3351ee7f93,KU PPI-3724,Ajith Herath,100000016V,0788289503,North Western Province,Puttalam,DEV-0017,inactive,Thu Jan 09 2025 18:53:32 GMT+0530 (India Standard Time)
69f357d43663da3351ee7f97,CP XEI-1328,Vimal Rajapaksa,100000020V,0781440388,Central Province,Matale,DEV-0021,active,Wed Dec 11 2024 18:53:32 GMT+0530 (India Standard Time)
69f357d43663da3351ee7fab,TC AOP-1453,Dhanushka Rathnayake,100000040V,0724901873,Eastern Province,Batticaloa,DEV-0041,active,Thu Mar 05 2026 18:53:32 GMT+0530 (India Standard Time)
69f357d43663da3351ee7faf,UV LYD-5528,Nimal Senanayake,100000044V,0792475060,Uva Province,Badulla,DEV-0045,active,Mon May 05 2025 18:53:32 GMT+0530 (India Standard Time)
69f357d43663da3351ee7fb6,TC FXI-2857,Ruwan Rathnayake,100000051V,0701403885,Eastern Province,Ampara,DEV-0052,active,Wed Jan 15 2025 18:53:32 GMT+0530 (India Standard Time)
69f357d43663da3351ee7fb7,CP WYT-9223,Murugan Senanayake,100000052V,0736567022,Central Province,Kandy,DEV-0053,active,Sun Feb 01 2026 18:53:32 GMT+0530 (India Standard Time)
69f357d43663da3351ee7fb8,TC BWA-9631,Saman Rajan,100000053V,0733747074,Eastern Province,Ampara,DEV-0054,active,Fri Jul 26 2024 18:53:32 GMT+0530 (India Standard Time)
69f357d43663da3351ee7fdc,KY YFV-5701,Isuru Kumara,100000089V,0744981732,Central Province,Nuwara Eliya,DEV-0090,active,Tue May 06 2025 18:53:32 GMT+0530 (India Standard Time)
69f357d43663da3351ee7ffd,CP PVG-1273,Thilina Mendis,100000122V,0787404335,Central Province,Nuwara Eliya,DEV-0123,active,Thu Dec 18 2025 18:53:32 GMT+0530 (India Standard Time)
69f357d43663da3351ee7ffe,NC MRU-7662,Vimal Wickramasinghe,100000123V,0729372936,North Central Province,Polonnaruwa,DEV-0124,suspended,Sun Sep 14 2025 18:53:32 GMT+0530 (India Standard Time)
69f357d43663da3351ee8004,NP RSO-2205,Dhanushka Senanayake,100000129V,0795316120,Northern Province,Jaffna,DEV-0130,suspended,Sat Sep 27 2025 18:53:32 GMT+0530 (India Standard Time)
69f357d43663da3351ee800f,JF JNK-4744,Dhanushka Herath,100000140V,0759484959,Northern Province,Mannar,DEV-0141,suspended,Mon Sep 08 2025 18:53:32 GMT+0530 (India Standard Time)
69f357d43663da3351ee8024,WP WNN-9613,Dinesh Ibrahim,100000161V,0735261772,Western Province,Gampaha,DEV-0162,inactive,Mon Feb 16 2026 18:53:32 GMT+0530 (India Standard Time)
69f357d43663da3351ee802f,TC HBU-8276,Roshan Karunaratne,100000172V,0747235600,Eastern Province,Trincomalee,DEV-0173,active,Sun Sep 14 2025 18:53:32 GMT+0530 (India Standard Time)
69f357d43663da3351ee8030,JF YMV-3111,Nimal Mendis,100000173V,0712339923,Northern Province,Jaffna,DEV-0174,active,Wed Jul 30 2025 18:53:32 GMT+0530 (India Standard Time)
69f357d43663da3351ee803b,CP LGE-3759,Isuru Hassan,100000184V,0728745364,Central Province,Nuwara Eliya,DEV-0185,inactive,Fri Feb 14 2025 18:53:32 GMT+0530 (India Standard Time)
69f357d43663da3351ee7f89,SP GXH-3528,Dinesh Pathirana,100000006V,0729135715,Southern Province,Galle,DEV-0007,active,Sun Feb 16 2025 18:53:32 GMT+0530 (India Standard Time)
69f357d43663da3351ee7f8f,UV WNU-7442,Hassan Rajan,100000012V,0758717412,Uva Province,Badulla,DEV-0013,active,Fri Jan 03 2025 18:53:32 GMT+0530 (India Standard Time)
69f357d43663da3351ee7f98,EP OUF-8898,Ajith Perera,100000021V,0739437297,Eastern Province,Trincomalee,DEV-0022,active,Wed Jun 25 2025 18:53:32 GMT+0530 (India Standard Time)
69f357d43663da3351ee7f9f,BD TBQ-9590,Dinesh Kumara,100000028V,0723639512,Uva Province,Monaragala,DEV-0029,active,Wed May 28 2025 18:53:32 GMT+0530 (India Standard Time)
69f357d43663da3351ee7fa4,WP CIV-9833,Murugan Rajan,100000033V,0719962006,Western Province,Kalutara,DEV-0034,active,Mon May 05 2025 18:53:32 GMT+0530 (India Standard Time)
69f357d43663da3351ee7faa,RP MMP-9737,Roshan Shankar,100000039V,0734553515,Sabaragamuwa Province,Ratnapura,DEV-0040,active,Fri Jul 18 2025 18:53:32 GMT+0530 (India Standard Time)
69f357d43663da3351ee7fc2,SG LDK-9523,Pradeep Wickramasinghe,100000063V,0765023096,Sabaragamuwa Province,Ratnapura,DEV-0064,active,Tue Mar 04 2025 18:53:32 GMT+0530 (India Standard Time)
69f357d43663da3351ee7fcb,NC FHK-6244,Nuwan Pathirana,100000072V,0716037506,North Central Province,Polonnaruwa,DEV-0073,active,Fri Jan 09 2026 18:53:32 GMT+0530 (India Standard Time)
69f357d43663da3351ee7fd5,WP CCR-2554,Vimal Mendis,100000082V,0752655528,Western Province,Gampaha,DEV-0083,active,Fri Feb 21 2025 18:53:32 GMT+0530 (India Standard Time)
69f357d43663da3351ee7fdb,JF BBP-4203,Tharaka Kumara,100000088V,0797540689,Northern Province,Vavuniya,DEV-0089,suspended,Thu Jan 15 2026 18:53:32 GMT+0530 (India Standard Time)
69f357d43663da3351ee7fe1,KY UUG-1625,Kasun Fernando,100000094V,0738621602,Central Province,Matale,DEV-0095,inactive,Fri Mar 21 2025 18:53:32 GMT+0530 (India Standard Time)
69f357d43663da3351ee7ff1,SP ERM-1382,Selvam Dissanayake,100000110V,0765665040,Southern Province,Hambantota,DEV-0111,active,Sat Dec 13 2025 18:53:32 GMT+0530 (India Standard Time)
69f357d43663da3351ee7ff5,TC BPJ-3942,Krishnan Herath,100000114V,0705190857,Eastern Province,Trincomalee,DEV-0115,active,Tue Aug 19 2025 18:53:32 GMT+0530 (India Standard Time)
69f357d43663da3351ee7ff7,NP EAU-8624,Saman Fernando,100000116V,0795491549,Northern Province,Mannar,DEV-0117,inactive,Sat Dec 28 2024 18:53:32 GMT+0530 (India Standard Time)
69f357d43663da3351ee800d,GL NOE-8439,Nuwan Wickramasinghe,100000138V,0716664583,Southern Province,Hambantota,DEV-0139,active,Fri Nov 15 2024 18:53:32 GMT+0530 (India Standard Time)
69f357d43663da3351ee8018,KY AHQ-7359,Hassan Rajapaksa,100000149V,0777267670,Central Province,Nuwara Eliya,DEV-0150,active,Tue Sep 10 2024 18:53:32 GMT+0530 (India Standard Time)
69f357d43663da3351ee8022,SP BWP-2964,Balaji Senanayake,100000159V,0719599383,Southern Province,Matara,DEV-0160,suspended,Sat Nov 16 2024 18:53:32 GMT+0530 (India Standard Time)
69f357d43663da3351ee8037,TC TCW-2565,Roshan Senanayake,100000180V,0782420993,Eastern Province,Trincomalee,DEV-0181,active,Sat Oct 18 2025 18:53:32 GMT+0530 (India Standard Time)